{
  "1": {
    "a": -0.01020408163265306,
    "b": 0.09476070829586221,
    "c": 0.0,
    "apex_x": 4.643274706497248,
    "max_x": 7.0,
    "dx": 3.5,
    "vy_initial": 0.3316624790355177,
    "space_seconds": 0.0167
  },
  "2": {
    "a": -0.01020408163265306,
    "b": 0.1665986255670094,
    "c": 0.0,
    "apex_x": 8.163332652783462,
    "max_x": 14.0,
    "dx": 3.5,
    "vy_initial": 0.583095189484533,
    "space_seconds": 0.0333
  },
  "3": {
    "a": -0.01020408163265306,
    "b": 0.23647064796066478,
    "c": 0.0,
    "apex_x": 11.587061750072573,
    "max_x": 21.0,
    "dx": 3.5,
    "vy_initial": 0.8276472678623267,
    "space_seconds": 0.05
  },
  "4": {
    "a": -0.01020408163265306,
    "b": 0.3057276365576113,
    "c": 0.0,
    "apex_x": 14.980654191322955,
    "max_x": 28.0,
    "dx": 3.5,
    "vy_initial": 1.0700467279516397,
    "space_seconds": 0.0667
  },
  "5": {
    "a": -0.01020408163265306,
    "b": 0.3741657386773945,
    "c": 0.0,
    "apex_x": 18.33412119519233,
    "max_x": 35.0,
    "dx": 3.5,
    "vy_initial": 1.3095800853708808,
    "space_seconds": 0.0833
  },
  "6": {
    "a": -0.01020408163265306,
    "b": 0.442626668137991,
    "c": 0.0,
    "apex_x": 21.68870673876156,
    "max_x": 42.0,
    "dx": 3.5,
    "vy_initial": 1.5491933384829686,
    "space_seconds": 0.1
  },
  "7": {
    "a": -0.01020408163265306,
    "b": 0.511101251999951,
    "c": 0.0,
    "apex_x": 25.0439613479976,
    "max_x": 49.0,
    "dx": 3.5,
    "vy_initial": 1.7888543819998286,
    "space_seconds": 0.1167
  },
  "8": {
    "a": -0.01020408163265306,
    "b": 0.5792324266489521,
    "c": 0.0,
    "apex_x": 28.382388905798656,
    "max_x": 56.0,
    "dx": 3.5,
    "vy_initial": 2.0273134932713326,
    "space_seconds": 0.1333
  },
  "9": {
    "a": -0.01020408163265306,
    "b": 0.6477590885002639,
    "c": 0.0,
    "apex_x": 31.74019533651293,
    "max_x": 63.0,
    "dx": 3.5,
    "vy_initial": 2.2671568097509236,
    "space_seconds": 0.15
  },
  "10": {
    "a": -0.01020408163265306,
    "b": 0.7162829220983812,
    "c": 0.0,
    "apex_x": 35.097863182820674,
    "max_x": 70.0,
    "dx": 3.5,
    "vy_initial": 2.506990227344334,
    "space_seconds": 0.1667
  },
  "11": {
    "a": -0.01020408163265306,
    "b": 0.7848046682754491,
    "c": 0.0,
    "apex_x": 38.455428745497,
    "max_x": 77.0,
    "dx": 3.5,
    "vy_initial": 2.746816338964072,
    "space_seconds": 0.1833
  },
  "12": {
    "a": -0.01020408163265306,
    "b": 0.8530856358190634,
    "c": 0.0,
    "apex_x": 41.80119615513411,
    "max_x": 84.0,
    "dx": 3.5,
    "vy_initial": 2.985799725366722,
    "space_seconds": 0.2
  },
  "13": {
    "a": -0.01020408163265306,
    "b": 0.9214008855198345,
    "c": 0.0,
    "apex_x": 45.14864339047189,
    "max_x": 91.0,
    "dx": 3.5,
    "vy_initial": 3.2249030993194205,
    "space_seconds": 0.2167
  },
  "14": {
    "a": -0.01020408163265306,
    "b": 0.989743318610787,
    "c": 0.0,
    "apex_x": 48.49742261192856,
    "max_x": 98.0,
    "dx": 3.5,
    "vy_initial": 3.4641016151377544,
    "space_seconds": 0.2333
  },
  "15": {
    "a": -0.01020408163265306,
    "b": 1.0579147760899212,
    "c": 0.0,
    "apex_x": 51.837824028406146,
    "max_x": 105.0,
    "dx": 3.5,
    "vy_initial": 3.7027017163147247,
    "space_seconds": 0.25
  },
  "16": {
    "a": -0.01020408163265306,
    "b": 1.1263087625386867,
    "c": 0.0,
    "apex_x": 55.189129364395654,
    "max_x": 112.0,
    "dx": 3.5,
    "vy_initial": 3.9420806688854038,
    "space_seconds": 0.2667
  },
  "17": {
    "a": -0.01020408163265306,
    "b": 1.1947162586888607,
    "c": 0.0,
    "apex_x": 58.541096675754176,
    "max_x": 112.0,
    "dx": 3.5,
    "vy_initial": 4.1815069054110126,
    "space_seconds": 0.2833
  },
  "18": {
    "a": -0.01020408163265306,
    "b": 1.2632966268248076,
    "c": 0.0,
    "apex_x": 61.901534714415575,
    "max_x": 119.0,
    "dx": 3.5,
    "vy_initial": 4.421538193886827,
    "space_seconds": 0.3
  },
  "19": {
    "a": -0.01020408163265306,
    "b": 1.3317167070195903,
    "c": 0.0,
    "apex_x": 65.25411864395993,
    "max_x": 126.0,
    "dx": 3.5,
    "vy_initial": 4.6610084745685665,
    "space_seconds": 0.3167
  },
  "20": {
    "a": -0.01020408163265306,
    "b": 1.400291514839182,
    "c": 0.0,
    "apex_x": 68.61428422711991,
    "max_x": 133.0,
    "dx": 3.5,
    "vy_initial": 4.901020301937137,
    "space_seconds": 0.3333
  },
  "21": {
    "a": -0.01020408163265306,
    "b": 1.4688604496030806,
    "c": 0.0,
    "apex_x": 71.97416203055094,
    "max_x": 140.0,
    "dx": 3.5,
    "vy_initial": 5.141011573610782,
    "space_seconds": 0.35
  },
  "22": {
    "a": -0.01020408163265306,
    "b": 1.5372915488359553,
    "c": 0.0,
    "apex_x": 75.32728589296181,
    "max_x": 147.0,
    "dx": 3.5,
    "vy_initial": 5.380520420925843,
    "space_seconds": 0.3667
  },
  "23": {
    "a": -0.01020408163265306,
    "b": 1.6057295372941163,
    "c": 0.0,
    "apex_x": 78.6807473274117,
    "max_x": 154.0,
    "dx": 3.5,
    "vy_initial": 5.620053380529407,
    "space_seconds": 0.3833
  },
  "24": {
    "a": -0.01020408163265306,
    "b": 1.6741735701106812,
    "c": 0.0,
    "apex_x": 82.03450493542337,
    "max_x": 161.0,
    "dx": 3.5,
    "vy_initial": 5.859607495387384,
    "space_seconds": 0.4
  },
  "25": {
    "a": -0.01020408163265306,
    "b": 1.742622935083075,
    "c": 0.0,
    "apex_x": 85.38852381907068,
    "max_x": 168.0,
    "dx": 3.5,
    "vy_initial": 6.099180272790763,
    "space_seconds": 0.4167
  },
  "26": {
    "a": -0.01020408163265306,
    "b": 1.8109643388909384,
    "c": 0.0,
    "apex_x": 88.73725260565598,
    "max_x": 175.0,
    "dx": 3.5,
    "vy_initial": 6.338375186118284,
    "space_seconds": 0.4333
  },
  "27": {
    "a": -0.01020408163265306,
    "b": 1.8794267471649921,
    "c": 0.0,
    "apex_x": 92.09191061108461,
    "max_x": 182.0,
    "dx": 3.5,
    "vy_initial": 6.577993615077473,
    "space_seconds": 0.45
  },
  "28": {
    "a": -0.01020408163265306,
    "b": 1.9478926341782068,
    "c": 0.0,
    "apex_x": 95.44673907473214,
    "max_x": 189.0,
    "dx": 3.5,
    "vy_initial": 6.817624219623724,
    "space_seconds": 0.4667
  },
  "29": {
    "a": -0.01020408163265306,
    "b": 2.016260430214554,
    "c": 0.0,
    "apex_x": 98.79676108051315,
    "max_x": 196.0,
    "dx": 3.5,
    "vy_initial": 7.056911505750939,
    "space_seconds": 0.4833
  },
  "30": {
    "a": -0.01020408163265306,
    "b": 2.0846376869169103,
    "c": 0.0,
    "apex_x": 102.14724665892861,
    "max_x": 203.0,
    "dx": 3.5,
    "vy_initial": 7.296231904209186,
    "space_seconds": 0.5
  },
  "31": {
    "a": -0.01020408163265306,
    "b": 2.153023502909718,
    "c": 0.0,
    "apex_x": 105.49815164257619,
    "max_x": 210.0,
    "dx": 3.5,
    "vy_initial": 7.535582260184014,
    "space_seconds": 0.5167
  },
  "32": {
    "a": -0.01020408163265306,
    "b": 2.221417087705733,
    "c": 0.0,
    "apex_x": 108.84943729758092,
    "max_x": 217.0,
    "dx": 3.5,
    "vy_initial": 7.774959806970066,
    "space_seconds": 0.5333
  },
  "33": {
    "a": -0.01020408163265306,
    "b": 2.289728617731181,
    "c": 0.0,
    "apex_x": 112.19670226882786,
    "max_x": 224.0,
    "dx": 3.5,
    "vy_initial": 8.014050162059133,
    "space_seconds": 0.55
  },
  "34": {
    "a": -0.01020408163265306,
    "b": 2.3581383179386686,
    "c": 0.0,
    "apex_x": 115.54877757899476,
    "max_x": 231.0,
    "dx": 3.5,
    "vy_initial": 8.25348411278534,
    "space_seconds": 0.5667
  },
  "36": {
    "a": -0.01020408163265306,
    "b": 2.4265537837241773,
    "c": 0.0,
    "apex_x": 118.90113540248468,
    "max_x": 231.0,
    "dx": 3.5,
    "vy_initial": 8.49293824303462,
    "space_seconds": 0.6
  }
}