{
  "1": {
    "space_seconds": 0.0167,
    "avg_horizontal_distance": 3.860795315907012,
    "avg_apex_height_gain": 0.6492131527827496,
    "avg_air_frames": 7.0,
    "parabola_a": -0.17421828966669498,
    "parabola_b": 93.53096954903893,
    "parabola_c": -12854.138461538447,
    "g": 0.10599398412779586,
    "vy_initial": 0.3709789444472855,
    "vx": 0.5515421879867161,
    "n_samples": 1
  },
  "2": {
    "space_seconds": 0.0333,
    "avg_horizontal_distance": 16.153846153852328,
    "avg_apex_height_gain": 0.692307692307736,
    "avg_air_frames": 8.0,
    "parabola_a": -0.01061224489795172,
    "parabola_b": 4.044897959180769,
    "parabola_c": -694.3297959180798,
    "g": 0.086538461538467,
    "vy_initial": 0.346153846153868,
    "vx": 2.019230769231541,
    "n_samples": 2
  },
  "3": {
    "space_seconds": 0.05,
    "avg_horizontal_distance": 22.76896551697382,
    "avg_apex_height_gain": 1.3772846090678286,
    "avg_air_frames": 10.0,
    "parabola_a": -0.01062271062292841,
    "parabola_b": 5.192051282154888,
    "parabola_c": -934.0810989134127,
    "g": 0.11018276872542629,
    "vy_initial": 0.5509138436271315,
    "vx": 2.2768965516973823,
    "n_samples": 1
  },
  "4": {
    "space_seconds": 0.0667,
    "avg_horizontal_distance": 29.565724381603484,
    "avg_apex_height_gain": 2.2952539190476577,
    "avg_air_frames": 12.0,
    "parabola_a": -0.01050092764380269,
    "parabola_b": 4.293819418684114,
    "parabola_c": -740.5260315406581,
    "g": 0.12751410661375875,
    "vy_initial": 0.7650846396825526,
    "vx": 2.463810365133624,
    "n_samples": 3
  },
  "5": {
    "space_seconds": 0.0833,
    "avg_horizontal_distance": 36.20728348921216,
    "avg_apex_height_gain": 3.4316299624717317,
    "avg_air_frames": 13.0,
    "parabola_a": -0.01046933088323297,
    "parabola_b": 5.655608796380997,
    "parabola_c": -1060.908636130196,
    "g": 0.16244402189215298,
    "vy_initial": 1.0558861422989945,
    "vx": 2.78517565301632,
    "n_samples": 1
  },
  "6": {
    "space_seconds": 0.1,
    "avg_horizontal_distance": 42.742344739796465,
    "avg_apex_height_gain": 4.800338158056661,
    "avg_air_frames": 15.0,
    "parabola_a": -0.010511780001510873,
    "parabola_b": 4.517356985238184,
    "parabola_c": -780.8245575576822,
    "g": 0.17067869006423683,
    "vy_initial": 1.2800901754817762,
    "vx": 2.8494896493197643,
    "n_samples": 1
  },
  "7": {
    "space_seconds": 0.1167,
    "avg_horizontal_distance": 49.33078686149176,
    "avg_apex_height_gain": 6.4001657770815825,
    "avg_air_frames": 17.0,
    "parabola_a": -0.010518381588925204,
    "parabola_b": 4.826157299360579,
    "parabola_c": -863.4614460930522,
    "g": 0.17716721874274277,
    "vy_initial": 1.5059213593133136,
    "vx": 2.9018109918524564,
    "n_samples": 2
  },
  "8": {
    "space_seconds": 0.1333,
    "avg_horizontal_distance": 55.971018114330036,
    "avg_apex_height_gain": 8.223311207812174,
    "avg_air_frames": 19.0,
    "parabola_a": -0.010502578508001736,
    "parabola_b": 5.660585431283377,
    "parabola_c": -1054.3095620476743,
    "g": 0.18223404338641935,
    "vy_initial": 1.731223412170984,
    "vx": 2.9458430586489492,
    "n_samples": 1
  },
  "9": {
    "space_seconds": 0.15,
    "avg_horizontal_distance": 62.62320104934082,
    "avg_apex_height_gain": 10.283493884202471,
    "avg_air_frames": 21.0,
    "parabola_a": -0.010489879302057137,
    "parabola_b": 4.181509266007241,
    "parabola_c": -705.9981583241191,
    "g": 0.18654864189029427,
    "vy_initial": 1.9587607398480897,
    "vx": 2.9820571928257533,
    "n_samples": 1
  },
  "10": {
    "space_seconds": 0.1667,
    "avg_horizontal_distance": 69.19909791602191,
    "avg_apex_height_gain": 12.572520756732501,
    "avg_air_frames": 23.0,
    "parabola_a": -0.010501748567473213,
    "parabola_b": 4.391821777458173,
    "parabola_c": -745.9214556285044,
    "g": 0.19013263904321362,
    "vy_initial": 2.1865253489969567,
    "vx": 3.0086564311313877,
    "n_samples": 1
  },
  "11": {
    "space_seconds": 0.1833,
    "avg_horizontal_distance": 75.81800899658748,
    "avg_apex_height_gain": 15.091242453138022,
    "avg_air_frames": 24.0,
    "parabola_a": -0.010500724852399834,
    "parabola_b": 5.24845138874747,
    "parabola_c": -939.8163884066457,
    "g": 0.20960058962691697,
    "vy_initial": 2.5152070755230036,
    "vx": 3.159083708191145,
    "n_samples": 1
  },
  "12": {
    "space_seconds": 0.2,
    "avg_horizontal_distance": 82.45154848763542,
    "avg_apex_height_gain": 17.833797535728138,
    "avg_air_frames": 26.0,
    "parabola_a": -0.010493328018950716,
    "parabola_b": 4.327989390204914,
    "parabola_c": -727.2776839212903,
    "g": 0.2110508584109839,
    "vy_initial": 2.7436611593427904,
    "vx": 3.171213403370593,
    "n_samples": 1
  },
  "13": {
    "space_seconds": 0.2167,
    "avg_horizontal_distance": 89.05144137345036,
    "avg_apex_height_gain": 20.809634678721466,
    "avg_air_frames": 28.0,
    "parabola_a": -0.01049657336484816,
    "parabola_b": 4.0102309835224075,
    "parabola_c": -660.8189971950799,
    "g": 0.2123432110073619,
    "vy_initial": 2.9728049541030663,
    "vx": 3.18040862048037,
    "n_samples": 1
  },
  "14": {
    "space_seconds": 0.2333,
    "avg_horizontal_distance": 95.65054851163003,
    "avg_apex_height_gain": 24.01554872510866,
    "avg_air_frames": 30.0,
    "parabola_a": -0.010499049348322242,
    "parabola_b": 4.174952732211013,
    "parabola_c": -689.4111351293845,
    "g": 0.21347154422318806,
    "vy_initial": 3.202073163347821,
    "vx": 3.1883516170543347,
    "n_samples": 2
  },
  "15": {
    "space_seconds": 0.25,
    "avg_horizontal_distance": 102.27046939303534,
    "avg_apex_height_gain": 27.443952317077674,
    "avg_air_frames": 32.0,
    "parabola_a": -0.010496463180485804,
    "parabola_b": 4.453339360551425,
    "parabola_c": -743.0211428998306,
    "g": 0.21440587747716933,
    "vy_initial": 3.4304940396347092,
    "vx": 3.1959521685323544,
    "n_samples": 1
  },
  "16": {
    "space_seconds": 0.2667,
    "avg_horizontal_distance": 108.89417639714407,
    "avg_apex_height_gain": 31.108488959985607,
    "avg_air_frames": 34.0,
    "parabola_a": -0.010494215102588633,
    "parabola_b": 4.102127569460855,
    "parabola_c": -667.6359554751192,
    "g": 0.21528366062273777,
    "vy_initial": 3.659822230586542,
    "vx": 3.202769894033649,
    "n_samples": 1
  },
  "17": {
    "space_seconds": 0.2833,
    "avg_horizontal_distance": 115.4967193418567,
    "avg_apex_height_gain": 35.00468699440353,
    "avg_air_frames": 36.0,
    "parabola_a": -0.010496276885565026,
    "parabola_b": 4.455635103226115,
    "parabola_c": -735.4759339815716,
    "g": 0.2160783147802687,
    "vy_initial": 3.8894096660448367,
    "vx": 3.208242203940464,
    "n_samples": 1
  },
  "18": {
    "space_seconds": 0.3,
    "avg_horizontal_distance": 122.09557460718435,
    "avg_apex_height_gain": 39.12628617513451,
    "avg_air_frames": 38.0,
    "parabola_a": -0.010498301952361011,
    "parabola_b": 4.4627817008386295,
    "parabola_c": -732.5409016909716,
    "g": 0.216766128394097,
    "vy_initial": 4.118556439487843,
    "vx": 3.213041437031167,
    "n_samples": 1
  },
  "19": {
    "space_seconds": 0.3167,
    "avg_horizontal_distance": 128.71770200975698,
    "avg_apex_height_gain": 43.474055734206985,
    "avg_air_frames": 39.0,
    "parabola_a": -0.010495962284963939,
    "parabola_b": 4.568028586044814,
    "parabola_c": -751.4925793569846,
    "g": 0.22866038518978032,
    "vy_initial": 4.458877511200717,
    "vx": 3.300453897686076,
    "n_samples": 4
  },
  "20": {
    "space_seconds": 0.3333,
    "avg_horizontal_distance": 135.3316954269815,
    "avg_apex_height_gain": 48.05694244999532,
    "avg_air_frames": 41.0,
    "parabola_a": -0.010495868147055054,
    "parabola_b": 4.254308031023916,
    "parabola_c": -680.4588268601003,
    "g": 0.22870644830455833,
    "vy_initial": 4.6884821902434455,
    "vx": 3.3007730591946705,