{
  "0": {
    "wins": 500,
    "losses": 0,
    "fall_losses": 0,
    "action_timeout_losses": 0,
    "num_episodes": 500,
    "target_episodes": 500,
    "win_percentage": 1.0,
    "mean_success_time": 4.991487145423889,
    "std_success_time": 0.010804061445108953,
    "mean_actions_to_success": 5.0,
    "std_actions_to_success": 0.0
  },
  "1": {
    "wins": 421,
    "losses": 98,
    "fall_losses": 56,
    "action_timeout_losses": 42,
    "num_episodes": 519,
    "target_episodes": 500,
    "win_percentage": 0.8111753371868978,
    "mean_success_time": 9.947061377378246,
    "std_success_time": 5.194806333643285,
    "mean_actions_to_success": 8.037313432835822,
    "std_actions_to_success": 3.9531042439278345
  },
  "2": {
    "wins": 500,
    "losses": 0,
    "fall_losses": 0,
    "action_timeout_losses": 0,
    "num_episodes": 500,
    "target_episodes": 500,
    "win_percentage": 1.0,
    "mean_success_time": 9.24878091621399,
    "std_success_time": 0.7037509360358211,
    "mean_actions_to_success": 10.396,
    "std_actions_to_success": 0.7268015416617688
  },
  "3": {
    "wins": 500,
    "losses": 0,
    "fall_losses": 0,
    "action_timeout_losses": 0,
    "num_episodes": 500,
    "target_episodes": 500,
    "win_percentage": 1.0,
    "mean_success_time": 8.431035039901733,
    "std_success_time": 0.8446587286811998,
    "mean_actions_to_success": 12.27,
    "std_actions_to_success": 1.0988698876846705
  },
  "4": {
    "wins": 474,
    "losses": 26,
    "fall_losses": 26,
    "action_timeout_losses": 0,
    "num_episodes": 500,
    "target_episodes": 500,
    "win_percentage": 0.948,
    "mean_success_time": 11.151916212673429,
    "std_success_time": 2.61565080767048,
    "mean_actions_to_success": 12.689873417721518,
    "std_actions_to_success": 2.203884420257618
  },
  "5": {
    "wins": 496,
    "losses": 4,
    "fall_losses": 4,
    "action_timeout_losses": 0,
    "num_episodes": 500,
    "target_episodes": 500,
    "win_percentage": 0.992,
    "mean_success_time": 13.479749321456879,
    "std_success_time": 0.7775920755303365,
    "mean_actions_to_success": 22.79032258064516,
    "std_actions_to_success": 0.8530320826999105
  },
  "6": {
    "wins": 500,
    "losses": 0,
    "fall_losses": 0,
    "action_timeout_losses": 0,
    "num_episodes": 500,
    "target_episodes": 500,
    "win_percentage": 1.0,
    "mean_success_time": 10.38726186132431,
    "std_success_time": 1.3346001209106757,
    "mean_actions_to_success": 15.648,
    "std_actions_to_success": 0.7676422012228069
  },
  "7": {
    "wins": 439,
    "losses": 61,
    "fall_losses": 61,
    "action_timeout_losses": 0,
    "num_episodes": 500,
    "target_episodes": 500,
    "win_percentage": 0.878,
    "mean_success_time": 15.55669343172825,
    "std_success_time": 2.718065887135335,
    "mean_actions_to_success": 27.57630979498861,
    "std_actions_to_success": 4.285260290541197
  },
  "8": {
    "wins": 406,
    "losses": 94,
    "fall_losses": 94,
    "action_timeout_losses": 0,
    "num_episodes": 500,
    "target_episodes": 500,
    "win_percentage": 0.812,
    "mean_success_time": 12.373732595608152,
    "std_success_time": 5.720194668712671,
    "mean_actions_to_success": 12.862068965517242,
    "std_actions_to_success": 4.954179146685577
  },
  "9": {
    "wins": 404,
    "losses": 104,
    "fall_losses": 76,
    "action_timeout_losses": 28,
    "num_episodes": 508,
    "target_episodes": 500,
    "win_percentage": 0.7952755905511811,
    "mean_success_time": 13.307852312771962,
    "std_success_time": 6.758342388612,
    "mean_actions_to_success": 17.944444444444443,
    "std_actions_to_success": 7.192608332676367
  },
  "10": {
    "wins": 500,
    "losses": 0,
    "fall_losses": 0,
    "action_timeout_losses": 0,
    "num_episodes": 500,
    "target_episodes": 500,
    "win_percentage": 1.0,
    "mean_success_time": 8.685957574367523,
    "std_success_time": 0.2654343063455921,
    "mean_actions_to_success": 9.918,
    "std_actions_to_success": 0.8346672023491487
  },
  "11": {
    "wins": 470,
    "losses": 30,
    "fall_losses": 30,
    "action_timeout_losses": 0,
    "num_episodes": 500,
    "target_episodes": 500,
    "win_percentage": 0.94,
    "mean_success_time": 5.215944483432364,
    "std_success_time": 1.7890790786653556,
    "mean_actions_to_success": 4.98936170212766,
    "std_actions_to_success": 1.739388668255342
  },
  "12": {
    "wins": 451,
    "losses": 49,
    "fall_losses": 28,
    "action_timeout_losses": 21,
    "num_episodes": 500,
    "target_episodes": 500,
    "win_percentage": 0.902,
    "mean_success_time": 11.67171094740045,
    "std_success_time": 8.851877868313993,
    "mean_actions_to_success": 10.117516629711751,
    "std_actions_to_success": 5.89062751205964
  },
  "13": {
    "wins": 500,
    "losses": 0,
    "fall_losses": 0,
    "action_timeout_losses": 0,
    "num_episodes": 500,
    "target_episodes": 500,
    "win_percentage": 1.0,
    "mean_success_time": 5.976900135517121,
    "std_success_time": 0.11845135574553772,
    "mean_actions_to_success": 8.696,
    "std_actions_to_success": 0.473320255353874
  },
  "14": {
    "wins": 500,
    "losses": 0,
    "fall_losses": 0,
    "action_timeout_losses": 0,
    "num_episodes": 500,
    "target_episodes": 500,
    "win_percentage": 1.0,
    "mean_success_time": 7.571797186374664,
    "std_success_time": 0.28400262864474457,
    "mean_actions_to_success": 8.618,
    "std_actions_to_success": 0.6964525053328251
  },
  "15": {
    "wins": 497,
    "losses": 3,
    "fall_losses": 3,
    "action_timeout_losses": 0,
    "num_episodes": 500,
    "target_episodes": 500,
    "win_percentage": 0.994,
    "mean_success_time": 8.72050796092396,
    "std_success_time": 0.5926174065938817,
    "mean_actions_to_success": 11.012072434607646,
    "std_actions_to_success": 0.9201239894889014
  },
  "16": {
    "wins": 473,
    "losses": 27,
    "fall_losses": 27,
    "action_timeout_losses": 0,
    "num_episodes": 500,
    "target_episodes": 500,
    "win_percentage": 0.946,
    "mean_success_time": 15.034053469813147,
    "std_success_time": 1.6452162400125179,
    "mean_actions_to_success": 14.638477801268499,
    "std_actions_to_success": 1.4329503936090418
  },
  "17": {
    "wins": 439,
    "losses": 61,
    "fall_losses": 61,
    "action_timeout_losses": 0,
    "num_episodes": 500,
    "target_episodes": 500,
    "win_percentage": 0.878,
    "mean_success_time": 13.461248123021223,
    "std_success_time": 2.7554555699095995,
    "mean_actions_to_success": 16.71981776765376,
    "std_actions_to_success": 2.1573584311619403
  },
  "18": {
    "wins": 500,
    "losses": 0,
    "fall_losses": 0,
    "action_timeout_losses": 0,
    "num_episodes": 500,
    "target_episodes": 500,
    "win_percentage": 1.0,
    "mean_success_time": 6.525857421398163,
    "std_success_time": 0.20593892162611488,
    "mean_actions_to_success": 7.93,
    "std_actions_to_success": 0.7551426891402206
  },
  "19": {
    "wins": 473,
    "losses": 27,
    "fall_losses": 24,
    "action_timeout_losses": 3,
    "num_episodes": 500,
    "target_episodes": 500,
    "win_percentage": 0.946,
    "mean_success_time": 6.852935657440734,
    "std_success_time": 2.562197623310755,
    "mean_actions_to_success": 9.10782241014799,
    "std_actions_to_success": 2.4240589022578156
  },
  "20": {
    "wins": 500,
    "losses": 0,
    "fall_losses": 0,
    "action_timeout_losses": 0,
    "num_episodes": 500,
    "target_episodes": 500,
    "win_percentage": 1.0,
    "mean_success_time": 5.876912580966949,
    "std_success_time": 0.03330284109393917,
    "mean_actions_to_success": 5.0,
    "std_actions_to_success": 0.0
  },
  "21": {
    "wins": 388,
    "losses": 112,
    "fall_losses": 109,
    "action_timeout_losses": 3,
    "num_episodes": 500,
    "target_episodes": 500,
    "win_percentage": 0.776,
    "mean_success_time": 10.495959545533681,
    "std_success_time": 4.607534484250637,